<metadata xml:lang="el"><Esri><CreaDate>20210218</CreaDate><CreaTime>17002400</CreaTime><ArcGISFormat>1.0</ArcGISFormat><ArcGISstyle>FGDC CSDGM Metadata</ArcGISstyle><SyncOnce>FALSE</SyncOnce><DataProperties><itemProps><itemName Sync="TRUE">Municipalities2021</itemName><imsContentType Sync="TRUE">002</imsContentType><itemLocation><linkage Sync="TRUE">file://\\FS01\XCOMMON\nvli\Kallikratis2021\Municipalities2021.shp</linkage><protocol Sync="TRUE">Local Area Network</protocol></itemLocation><itemSize Sync="TRUE">0.000</itemSize></itemProps><coordRef><type Sync="TRUE">Projected</type><geogcsn Sync="TRUE">GCS_GGRS_1987</geogcsn><csUnits Sync="TRUE">Linear Unit: Meter (1.000000)</csUnits><projcsn Sync="TRUE">Greek_Grid</projcsn><peXml Sync="TRUE">&lt;ProjectedCoordinateSystem xsi:type='typens:ProjectedCoordinateSystem' xmlns:xsi='http://www.w3.org/2001/XMLSchema-instance' xmlns:xs='http://www.w3.org/2001/XMLSchema' xmlns:typens='http://www.esri.com/schemas/ArcGIS/3.2.0'&gt;&lt;WKT&gt;PROJCS[&amp;quot;Greek_Grid&amp;quot;,GEOGCS[&amp;quot;GCS_GGRS_1987&amp;quot;,DATUM[&amp;quot;D_GGRS_1987&amp;quot;,SPHEROID[&amp;quot;GRS_1980&amp;quot;,6378137.0,298.257222101]],PRIMEM[&amp;quot;Greenwich&amp;quot;,0.0],UNIT[&amp;quot;Degree&amp;quot;,0.0174532925199433]],PROJECTION[&amp;quot;Transverse_Mercator&amp;quot;],PARAMETER[&amp;quot;False_Easting&amp;quot;,500000.0],PARAMETER[&amp;quot;False_Northing&amp;quot;,0.0],PARAMETER[&amp;quot;Central_Meridian&amp;quot;,24.0],PARAMETER[&amp;quot;Scale_Factor&amp;quot;,0.9996],PARAMETER[&amp;quot;Latitude_Of_Origin&amp;quot;,0.0],UNIT[&amp;quot;Meter&amp;quot;,1.0],AUTHORITY[&amp;quot;EPSG&amp;quot;,2100]]&lt;/WKT&gt;&lt;XOrigin&gt;-5120900&lt;/XOrigin&gt;&lt;YOrigin&gt;-9998100&lt;/YOrigin&gt;&lt;XYScale&gt;450445547.3910538&lt;/XYScale&gt;&lt;ZOrigin&gt;-100000&lt;/ZOrigin&gt;&lt;ZScale&gt;10000&lt;/ZScale&gt;&lt;MOrigin&gt;-100000&lt;/MOrigin&gt;&lt;MScale&gt;10000&lt;/MScale&gt;&lt;XYTolerance&gt;0.001&lt;/XYTolerance&gt;&lt;ZTolerance&gt;0.001&lt;/ZTolerance&gt;&lt;MTolerance&gt;0.001&lt;/MTolerance&gt;&lt;HighPrecision&gt;true&lt;/HighPrecision&gt;&lt;WKID&gt;2100&lt;/WKID&gt;&lt;LatestWKID&gt;2100&lt;/LatestWKID&gt;&lt;/ProjectedCoordinateSystem&gt;</peXml></coordRef><lineage><Process ToolSource="c:\program files (x86)\arcgis\desktop10.6\ArcToolbox\Toolboxes\Conversion Tools.tbx\FeatureClassToFeatureClass" Date="20190703" Time="140846">FeatureClassToFeatureClass C:\Users\Iro\Desktop\ELSTAT\KALLIKRATIS2018\KALLIKRATIS2018\LAU.shp "C:\GISELSTAT\_TOOLS2018\ELSTAT_DATA_FOR PRINTING TOOLS\2019\elstat2019.gdb" LAU # "LAU_CODE "LAU_CODE" true true false 254 Text 0 0 ,First,#,C:\Users\Iro\Desktop\ELSTAT\KALLIKRATIS2018\KALLIKRATIS2018\LAU.shp,TDKCODE,-1,-1;LAU_LABEL_CAPITAL "LAU_LABEL_CAPITAL" true true false 254 Text 0 0 ,First,#,C:\Users\Iro\Desktop\ELSTAT\KALLIKRATIS2018\KALLIKRATIS2018\LAU.shp,Κεφαλ,-1,-1;LAU_LABEL "LAU_LABEL" true true false 254 Text 0 0 ,First,#,C:\Users\Iro\Desktop\ELSTAT\KALLIKRATIS2018\KALLIKRATIS2018\LAU.shp,Πεζά,-1,-1" #</Process><Process ToolSource="c:\program files (x86)\arcgis\desktop10.8\ArcToolbox\Toolboxes\Data Management Tools.tbx\CalculateField" Date="20210218" Time="172909">CalculateField LAU KALCODE6 Left( [LAU_CODE], 6 ) VB #</Process><Process ToolSource="c:\program files (x86)\arcgis\desktop10.8\ArcToolbox\Toolboxes\Data Management Tools.tbx\CalculateField" Date="20210218" Time="172920">CalculateField LAU KALCODE4 Left( [LAU_CODE], 4 ) VB #</Process><Process ToolSource="c:\program files (x86)\arcgis\desktop10.8\ArcToolbox\Toolboxes\Data Management Tools.tbx\CalculateField" Date="20210218" Time="172931">CalculateField LAU KALCODE2 Left( [LAU_CODE], 2 ) VB #</Process><Process ToolSource="c:\program files (x86)\arcgis\desktop10.8\ArcToolbox\Toolboxes\Data Management Tools.tbx\CalculateField" Date="20210223" Time="172711">CalculateField LAU2020 KALCODE6 Left([LAU_CODE],6) VB #</Process><Process ToolSource="c:\program files (x86)\arcgis\desktop10.8\ArcToolbox\Toolboxes\Data Management Tools.tbx\CalculateField" Date="20210223" Time="172725">CalculateField LAU2020 KALCODE4 Left([LAU_CODE],4) VB #</Process><Process ToolSource="c:\program files (x86)\arcgis\desktop10.8\ArcToolbox\Toolboxes\Data Management Tools.tbx\CalculateField" Date="20210223" Time="172735">CalculateField LAU2020 KALCODE2 Left([LAU_CODE],2) VB #</Process><Process ToolSource="c:\program files (x86)\arcgis\desktop10.8\ArcToolbox\Toolboxes\Conversion Tools.tbx\FeatureClassToFeatureClass" Date="20210224" Time="193741">FeatureClassToFeatureClass D:\GYS2020.mdb\TEST\LAU2020 "Database Connections\printingcensus@sde.sde\PRINTINGCENSUS.LAU2020" LAU2020 # "LAU_CODE "LAU_CODE" true true false 254 Text 0 0 ,First,#,D:\GYS2020.mdb\TEST\LAU2020,LAU_CODE,-1,-1;LAU_LABEL_CAPITAL "LAU_LABEL_CAPITAL" true true false 254 Text 0 0 ,First,#,D:\GYS2020.mdb\TEST\LAU2020,LAU_LABEL_CAPITAL,-1,-1;LAU_LABEL "LAU_LABEL" true true false 254 Text 0 0 ,First,#,D:\GYS2020.mdb\TEST\LAU2020,LAU_LABEL,-1,-1;SHAPE_Length "SHAPE_Length" false true true 8 Double 0 0 ,First,#,D:\GYS2020.mdb\TEST\LAU2020,SHAPE_Length,-1,-1;SHAPE_Area "SHAPE_Area" false true true 8 Double 0 0 ,First,#,D:\GYS2020.mdb\TEST\LAU2020,SHAPE_Area,-1,-1;KALCODE6 "KALCODE6" true true false 6 Text 0 0 ,First,#,D:\GYS2020.mdb\TEST\LAU2020,KALCODE6,-1,-1;KALCODE4 "KALCODE4" true true false 4 Text 0 0 ,First,#,D:\GYS2020.mdb\TEST\LAU2020,KALCODE4,-1,-1;KALCODE2 "KALCODE2" true true false 2 Text 0 0 ,First,#,D:\GYS2020.mdb\TEST\LAU2020,KALCODE2,-1,-1" #</Process><Process ToolSource="c:\program files (x86)\arcgis\desktop10.8\ArcToolbox\Toolboxes\Conversion Tools.tbx\FeatureClassToFeatureClass" Date="20210224" Time="234754">FeatureClassToFeatureClass "Database Connections\printingcensus@sde.sde\PRINTINGCENSUS.LAU2020\PRINTINGCENSUS.LAU2020" "Database Connections\printingcensus@sde.sde" LAU # "LAU_CODE "LAU_CODE" true true false 254 Text 0 0 ,First,#,Database Connections\printingcensus@sde.sde\PRINTINGCENSUS.LAU2020\PRINTINGCENSUS.LAU2020,LAU_CODE,-1,-1;LAU_LABEL_CAPITAL "LAU_LABEL_CAPITAL" true true false 254 Text 0 0 ,First,#,Database Connections\printingcensus@sde.sde\PRINTINGCENSUS.LAU2020\PRINTINGCENSUS.LAU2020,LAU_LABEL_CAPITAL,-1,-1;LAU_LABEL "LAU_LABEL" true true false 254 Text 0 0 ,First,#,Database Connections\printingcensus@sde.sde\PRINTINGCENSUS.LAU2020\PRINTINGCENSUS.LAU2020,LAU_LABEL,-1,-1;KALCODE6 "KALCODE6" true true false 6 Text 0 0 ,First,#,Database Connections\printingcensus@sde.sde\PRINTINGCENSUS.LAU2020\PRINTINGCENSUS.LAU2020,KALCODE6,-1,-1;KALCODE4 "KALCODE4" true true false 4 Text 0 0 ,First,#,Database Connections\printingcensus@sde.sde\PRINTINGCENSUS.LAU2020\PRINTINGCENSUS.LAU2020,KALCODE4,-1,-1;KALCODE2 "KALCODE2" true true false 2 Text 0 0 ,First,#,Database Connections\printingcensus@sde.sde\PRINTINGCENSUS.LAU2020\PRINTINGCENSUS.LAU2020,KALCODE2,-1,-1;SHAPE_AREA "SHAPE_AREA" false false true 0 Double 0 0 ,First,#,Database Connections\printingcensus@sde.sde\PRINTINGCENSUS.LAU2020\PRINTINGCENSUS.LAU2020,SHAPE.AREA,-1,-1;SHAPE_LEN "SHAPE_LEN" false false true 0 Double 0 0 ,First,#,Database Connections\printingcensus@sde.sde\PRINTINGCENSUS.LAU2020\PRINTINGCENSUS.LAU2020,SHAPE.LEN,-1,-1" #</Process><Process ToolSource="c:\program files\arcgis\pro\Resources\ArcToolbox\toolboxes\Data Management Tools.tbx\UpdateSchema" Date="20240409" Time="125046">UpdateSchema "CIMDATA=&lt;CIMStandardDataConnection xsi:type='typens:CIMStandardDataConnection' xmlns:xsi='http://www.w3.org/2001/XMLSchema-instance' xmlns:xs='http://www.w3.org/2001/XMLSchema' xmlns:typens='http://www.esri.com/schemas/ArcGIS/3.2.0'&gt;&lt;WorkspaceConnectionString&gt;ENCRYPTED_PASSWORD_UTF8=00022e68767a51686c4b6475665236385239525473644c382f5a5a6b336268556e3361414b72434567495a512f71633d2a00;ENCRYPTED_PASSWORD=00022e686f4f48434841546f74322f673733665061695a7779427651522f63324b76324655464a3452796f466f63513d2a00;SERVER=10.1.1.83;INSTANCE=sde:oracle$10.1.1.83/gis;DBCLIENT=oracle;DB_CONNECTION_PROPERTIES=10.1.1.83/gis;USER=printingcensus;VERSION=SDE.DEFAULT;AUTHENTICATION_MODE=DBMS&lt;/WorkspaceConnectionString&gt;&lt;WorkspaceFactory&gt;SDE&lt;/WorkspaceFactory&gt;&lt;Dataset&gt;PRINTINGCENSUS.LAU&lt;/Dataset&gt;&lt;DatasetType&gt;esriDTFeatureClass&lt;/DatasetType&gt;&lt;/CIMStandardDataConnection&gt;" &lt;operationSequence&gt;&lt;workflow&gt;&lt;AddField&gt;&lt;field_name&gt;test&lt;/field_name&gt;&lt;field_type&gt;LONG&lt;/field_type&gt;&lt;field_precision&gt;10&lt;/field_precision&gt;&lt;field_is_nullable&gt;True&lt;/field_is_nullable&gt;&lt;field_is_required&gt;False&lt;/field_is_required&gt;&lt;/AddField&gt;&lt;/workflow&gt;&lt;workflow&gt;&lt;AddField&gt;&lt;field_name&gt;Field&lt;/field_name&gt;&lt;field_type&gt;LONG&lt;/field_type&gt;&lt;field_precision&gt;10&lt;/field_precision&gt;&lt;field_is_nullable&gt;True&lt;/field_is_nullable&gt;&lt;field_is_required&gt;False&lt;/field_is_required&gt;&lt;/AddField&gt;&lt;/workflow&gt;&lt;/operationSequence&gt;</Process><Process ToolSource="c:\program files\arcgis\pro\Resources\ArcToolbox\toolboxes\Data Management Tools.tbx\CalculateField" Date="20240409" Time="125351">CalculateField PRINTINGCENSUS.LAU test isDuplicate(!LAU_CODE!) Python "uniqueList = []
def isDuplicate(LAU_CODE):
  if LAU_CODE in uniqueList:
    return 1
  else:
    uniqueList.append(LAU_CODE)
    return 0" Text NO_ENFORCE_DOMAINS</Process><Process ToolSource="c:\program files\arcgis\pro\Resources\ArcToolbox\toolboxes\Data Management Tools.tbx\CalculateField" Date="20240409" Time="125452">CalculateField PRINTINGCENSUS.LAU test isDuplicate(!LAU_CODE!) Python "uniqueList = []
def isDuplicate(LAU_CODE):
  if LAU_CODE in uniqueList:
    return 1
  else:
    uniqueList.append(LAU_CODE)
    return 0" Text NO_ENFORCE_DOMAINS</Process><Process ToolSource="c:\program files\arcgis\pro\Resources\ArcToolbox\toolboxes\Data Management Tools.tbx\DeleteField" Date="20240409" Time="130151">DeleteField PRINTINGCENSUS.LAU test "Delete Fields"</Process><Process ToolSource="c:\program files\arcgis\pro\Resources\ArcToolbox\toolboxes\Data Management Tools.tbx\DeleteField" Date="20240409" Time="130207">DeleteField PRINTINGCENSUS.LAU Field "Delete Fields"</Process><Process ToolSource="c:\program files\arcgis\pro\Resources\ArcToolbox\toolboxes\Conversion Tools.tbx\ExportFeatures" Date="20240423" Time="102434">ExportFeatures PRINTINGCENSUS.LAU C:\Users\k.kalogeropoulos\Desktop\2021\controls\lau_control\LAUinitial.shp # NOT_USE_ALIAS "LAU_CODE "LAU_CODE" true true false 254 Text 0 0,First,#,PRINTINGCENSUS.LAU,LAU_CODE,0,253;LAU_LABEL_CAPITAL "LAU_LABEL_CAPITAL" true true false 254 Text 0 0,First,#,PRINTINGCENSUS.LAU,LAU_LABEL_CAPITAL,0,253;LAU_LABEL "LAU_LABEL" true true false 254 Text 0 0,First,#,PRINTINGCENSUS.LAU,LAU_LABEL,0,253;KALCODE6 "KALCODE6" true true false 6 Text 0 0,First,#,PRINTINGCENSUS.LAU,KALCODE6,0,5;KALCODE4 "KALCODE4" true true false 4 Text 0 0,First,#,PRINTINGCENSUS.LAU,KALCODE4,0,3;KALCODE2 "KALCODE2" true true false 2 Text 0 0,First,#,PRINTINGCENSUS.LAU,KALCODE2,0,1" #</Process><Process ToolSource="c:\program files\arcgis\pro\Resources\ArcToolbox\toolboxes\Conversion Tools.tbx\ExportFeatures" Date="20240423" Time="112519">ExportFeatures LAUinitial C:\Users\k.kalogeropoulos\Desktop\2021\controls\lau_control\LAUinit_LAUlagou.shp # NOT_USE_ALIAS "LAU_CODE "LAU_CODE" true true false 254 Text 0 0,First,#,LAUinitial,LAUinitial.LAU_CODE,0,253;LAU_LABEL_ "LAU_LABEL_" true true false 254 Text 0 0,First,#,LAUinitial,LAUinitial.LAU_LABEL_,0,253;LAU_LABEL "LAU_LABEL" true true false 254 Text 0 0,First,#,LAUinitial,LAUinitial.LAU_LABEL,0,253;KALCODE6 "KALCODE6" true true false 6 Text 0 0,First,#,LAUinitial,LAUinitial.KALCODE6,0,5;KALCODE4 "KALCODE4" true true false 4 Text 0 0,First,#,LAUinitial,LAUinitial.KALCODE4,0,3;KALCODE2 "KALCODE2" true true false 2 Text 0 0,First,#,LAUinitial,LAUinitial.KALCODE2,0,1;OID "OID" false true false 4 Long 0 9,First,#,LAUinitial,lau.OID,-1,-1,LAUinitial,lau.OID,-1,-1;LAU_CODE "LAU_CODE" true true false 8 Text 0 0,First,#,LAUinitial,lau.LAU_CODE,0,7,LAUinitial,lau.LAU_CODE,0,7;LAU_LABEL_ "LAU_LABEL_" true true false 89 Text 0 0,First,#,LAUinitial,lau.LAU_LABEL_,0,88,LAUinitial,lau.LAU_LABEL_,0,88;LAU_LABEL "LAU_LABEL" true true false 89 Text 0 0,First,#,LAUinitial,lau.LAU_LABEL,0,88,LAUinitial,lau.LAU_LABEL,0,88;KALCODE6 "KALCODE6" true true false 6 Text 0 0,First,#,LAUinitial,lau.KALCODE6,0,5,LAUinitial,lau.KALCODE6,0,5;KALCODE4 "KALCODE4" true true false 4 Text 0 0,First,#,LAUinitial,lau.KALCODE4,0,3,LAUinitial,lau.KALCODE4,0,3;KALCODE2 "KALCODE2" true true false 2 Short 0 2,First,#,LAUinitial,lau.KALCODE2,-1,-1,LAUinitial,lau.KALCODE2,-1,-1;KAL2020 "KAL2020" true true false 8 Text 0 0,First,#,LAUinitial,lau.KAL2020,0,7,LAUinitial,lau.KAL2020,0,7;LAU_LABEL2 "LAU_LABEL2" true true false 89 Text 0 0,First,#,LAUinitial,lau.LAU_LABEL2,0,88,LAUinitial,lau.LAU_LABEL2,0,88;KAL2022 "KAL2022" true true false 8 Text 0 0,First,#,LAUinitial,lau.KAL2022,0,7,LAUinitial,lau.KAL2022,0,7;LAU_LABEL3 "LAU_LABEL3" true true false 106 Text 0 0,First,#,LAUinitial,lau.LAU_LABEL3,0,105,LAUinitial,lau.LAU_LABEL3,0,105;KAL2023 "KAL2023" true true false 8 Text 0 0,First,#,LAUinitial,lau.KAL2023,0,7,LAUinitial,lau.KAL2023,0,7;LAU_LABEL4 "LAU_LABEL4" true true false 106 Text 0 0,First,#,LAUinitial,lau.LAU_LABEL4,0,105,LAUinitial,lau.LAU_LABEL4,0,105" #</Process><Process ToolSource="c:\program files\arcgis\pro\Resources\ArcToolbox\toolboxes\Data Management Tools.tbx\UpdateSchema" Date="20240423" Time="140003">UpdateSchema "CIMDATA=&lt;CIMStandardDataConnection xsi:type='typens:CIMStandardDataConnection' xmlns:xsi='http://www.w3.org/2001/XMLSchema-instance' xmlns:xs='http://www.w3.org/2001/XMLSchema' xmlns:typens='http://www.esri.com/schemas/ArcGIS/3.2.0'&gt;&lt;WorkspaceConnectionString&gt;DATABASE=C:\Users\k.kalogeropoulos\Desktop\2021\controls\lau_control&lt;/WorkspaceConnectionString&gt;&lt;WorkspaceFactory&gt;Shapefile&lt;/WorkspaceFactory&gt;&lt;Dataset&gt;LAUinit_LAUlagou&lt;/Dataset&gt;&lt;DatasetType&gt;esriDTFeatureClass&lt;/DatasetType&gt;&lt;/CIMStandardDataConnection&gt;" &lt;operationSequence&gt;&lt;workflow&gt;&lt;AddField&gt;&lt;field_name&gt;checkCODE&lt;/field_name&gt;&lt;field_type&gt;LONG&lt;/field_type&gt;&lt;field_is_nullable&gt;False&lt;/field_is_nullable&gt;&lt;field_is_required&gt;False&lt;/field_is_required&gt;&lt;/AddField&gt;&lt;/workflow&gt;&lt;/operationSequence&gt;</Process><Process ToolSource="c:\program files\arcgis\pro\Resources\ArcToolbox\toolboxes\Data Management Tools.tbx\CalculateField" Date="20240423" Time="140231">CalculateField LAUinit_LAUlagou checkCODE calc(!LAU_CODE!,!KAL2023!) Python "def calc(field1 , field2):
    if field1 == field2 :
        return 1
    else:
        return 0 " Text NO_ENFORCE_DOMAINS</Process><Process ToolSource="c:\program files\arcgis\pro\Resources\ArcToolbox\toolboxes\Data Management Tools.tbx\CalculateField" Date="20240423" Time="140525">CalculateField LAUinit_LAUlagou checkCODE calc(!LAU_LABEL!,!LAU_LABEL4!!) Python "def calc(field1 , field2):
    if field1 == field2 :
        return 1
    else:
        return 0 " Text NO_ENFORCE_DOMAINS</Process><Process ToolSource="c:\program files\arcgis\pro\Resources\ArcToolbox\toolboxes\Conversion Tools.tbx\ExportFeatures" Date="20240425" Time="104553">ExportFeatures LAUinit_LAUlagou C:\Users\k.kalogeropoulos\Desktop\2021\controls\final\LAU2022.shp # NOT_USE_ALIAS "LAU_CODE "LAU_CODE" true true false 254 Text 0 0,First,#,LAUinit_LAUlagou,LAU_CODE,0,253;LAU_LABEL_ "LAU_LABEL_" true true false 254 Text 0 0,First,#,LAUinit_LAUlagou,LAU_LABEL_,0,253;LAU_LABEL "LAU_LABEL" true true false 254 Text 0 0,First,#,LAUinit_LAUlagou,LAU_LABEL,0,253;KALCODE6 "KALCODE6" true true false 6 Text 0 0,First,#,LAUinit_LAUlagou,KALCODE6,0,5;KALCODE4 "KALCODE4" true true false 4 Text 0 0,First,#,LAUinit_LAUlagou,KALCODE4,0,3;KALCODE2 "KALCODE2" true true false 2 Text 0 0,First,#,LAUinit_LAUlagou,KALCODE2,0,1;OID_1 "OID_1" true true false 9 Long 0 9,First,#,LAUinit_LAUlagou,OID_1,-1,-1;LAU_CODE_1 "LAU_CODE_1" true true false 8 Text 0 0,First,#,LAUinit_LAUlagou,LAU_CODE_1,0,7;LAU_LABEL1 "LAU_LABEL1" true true false 89 Text 0 0,First,#,LAUinit_LAUlagou,LAU_LABEL1,0,88;LAU_LABE_1 "LAU_LABE_1" true true false 89 Text 0 0,First,#,LAUinit_LAUlagou,LAU_LABE_1,0,88;KALCODE6_1 "KALCODE6_1" true true false 6 Text 0 0,First,#,LAUinit_LAUlagou,KALCODE6_1,0,5;KALCODE4_1 "KALCODE4_1" true true false 4 Text 0 0,First,#,LAUinit_LAUlagou,KALCODE4_1,0,3;KALCODE2_1 "KALCODE2_1" true true false 2 Short 0 2,First,#,LAUinit_LAUlagou,KALCODE2_1,-1,-1;KAL2020 "KAL2020" true true false 8 Text 0 0,First,#,LAUinit_LAUlagou,KAL2020,0,7;LAU_LABEL2 "LAU_LABEL2" true true false 89 Text 0 0,First,#,LAUinit_LAUlagou,LAU_LABEL2,0,88;KAL2022 "KAL2022" true true false 8 Text 0 0,First,#,LAUinit_LAUlagou,KAL2022,0,7;LAU_LABEL3 "LAU_LABEL3" true true false 106 Text 0 0,First,#,LAUinit_LAUlagou,LAU_LABEL3,0,105;KAL2023 "KAL2023" true true false 8 Text 0 0,First,#,LAUinit_LAUlagou,KAL2023,0,7;LAU_LABEL4 "LAU_LABEL4" true true false 106 Text 0 0,First,#,LAUinit_LAUlagou,LAU_LABEL4,0,105;checkCODE "checkCODE" true true false 10 Long 0 10,First,#,LAUinit_LAUlagou,checkCODE,-1,-1" #</Process><Process ToolSource="c:\program files\arcgis\pro\Resources\ArcToolbox\toolboxes\Data Management Tools.tbx\DeleteField" Date="20240425" Time="104622">DeleteField LAU2022 LAU_CODE;LAU_LABEL_;LAU_LABEL;KALCODE6;KALCODE4;KALCODE2;OID_1;LAU_CODE_1;LAU_LABEL1;LAU_LABE_1;KALCODE6_1;KALCODE4_1;KALCODE2_1;KAL2020;LAU_LABEL2 "Delete Fields"</Process><Process ToolSource="c:\program files\arcgis\pro\Resources\ArcToolbox\toolboxes\Data Management Tools.tbx\DeleteField" Date="20240425" Time="105720">DeleteField LAU2022 KAL2023;LAU_LABEL4;checkCODE "Delete Fields"</Process><Process ToolSource="c:\program files\arcgis\pro\Resources\ArcToolbox\toolboxes\Data Management Tools.tbx\UpdateSchema" Date="20240426" Time="104519">UpdateSchema "CIMDATA=&lt;CIMStandardDataConnection xsi:type='typens:CIMStandardDataConnection' xmlns:xsi='http://www.w3.org/2001/XMLSchema-instance' xmlns:xs='http://www.w3.org/2001/XMLSchema' xmlns:typens='http://www.esri.com/schemas/ArcGIS/3.2.0'&gt;&lt;WorkspaceConnectionString&gt;DATABASE=C:\Users\k.kalogeropoulos\Desktop\2021\GYS2024\2022&lt;/WorkspaceConnectionString&gt;&lt;WorkspaceFactory&gt;Shapefile&lt;/WorkspaceFactory&gt;&lt;Dataset&gt;LAU2022.shp&lt;/Dataset&gt;&lt;DatasetType&gt;esriDTFeatureClass&lt;/DatasetType&gt;&lt;/CIMStandardDataConnection&gt;" &lt;operationSequence&gt;&lt;workflow&gt;&lt;AddField&gt;&lt;field_name&gt;MunUnits&lt;/field_name&gt;&lt;field_type&gt;TEXT&lt;/field_type&gt;&lt;field_length&gt;255&lt;/field_length&gt;&lt;field_is_nullable&gt;False&lt;/field_is_nullable&gt;&lt;field_is_required&gt;False&lt;/field_is_required&gt;&lt;/AddField&gt;&lt;/workflow&gt;&lt;workflow&gt;&lt;AddField&gt;&lt;field_name&gt;Municip&lt;/field_name&gt;&lt;field_type&gt;TEXT&lt;/field_type&gt;&lt;field_length&gt;255&lt;/field_length&gt;&lt;field_is_nullable&gt;False&lt;/field_is_nullable&gt;&lt;field_is_required&gt;False&lt;/field_is_required&gt;&lt;/AddField&gt;&lt;/workflow&gt;&lt;workflow&gt;&lt;AddField&gt;&lt;field_name&gt;RegUnits&lt;/field_name&gt;&lt;field_type&gt;TEXT&lt;/field_type&gt;&lt;field_length&gt;255&lt;/field_length&gt;&lt;field_is_nullable&gt;False&lt;/field_is_nullable&gt;&lt;field_is_required&gt;False&lt;/field_is_required&gt;&lt;/AddField&gt;&lt;/workflow&gt;&lt;/operationSequence&gt;</Process><Process ToolSource="c:\program files\arcgis\pro\Resources\ArcToolbox\toolboxes\Data Management Tools.tbx\CalculateField" Date="20240426" Time="104554">CalculateField LAU2022 MunUnits !KAL2022! Python # Text NO_ENFORCE_DOMAINS</Process><Process ToolSource="c:\program files\arcgis\pro\Resources\ArcToolbox\toolboxes\Data Management Tools.tbx\CalculateField" Date="20240426" Time="104703">CalculateField LAU2022 MunUnits !MunUnits![:2] Python # Text NO_ENFORCE_DOMAINS</Process><Process ToolSource="c:\program files\arcgis\pro\Resources\ArcToolbox\toolboxes\Data Management Tools.tbx\CalculateField" Date="20240426" Time="104721">CalculateField LAU2022 MunUnits !KAL2022! Python # Text NO_ENFORCE_DOMAINS</Process><Process ToolSource="c:\program files\arcgis\pro\Resources\ArcToolbox\toolboxes\Data Management Tools.tbx\CalculateField" Date="20240426" Time="104755">CalculateField LAU2022 MunUnits !MunUnits![2:] Python # Text NO_ENFORCE_DOMAINS</Process><Process ToolSource="c:\program files\arcgis\pro\Resources\ArcToolbox\toolboxes\Data Management Tools.tbx\CalculateField" Date="20240426" Time="105901">CalculateField LAU2022 Municip !KAL2022! Python # Text NO_ENFORCE_DOMAINS</Process><Process ToolSource="c:\program files\arcgis\pro\Resources\ArcToolbox\toolboxes\Data Management Tools.tbx\CalculateField" Date="20240426" Time="105925">CalculateField LAU2022 Municip !KAL2022! Python # Text NO_ENFORCE_DOMAINS</Process><Process ToolSource="c:\program files\arcgis\pro\Resources\ArcToolbox\toolboxes\Data Management Tools.tbx\CalculateField" Date="20240426" Time="110032">CalculateField LAU2022 RegUnits !KAL2022! Python # Text NO_ENFORCE_DOMAINS</Process><Process ToolSource="c:\program files\arcgis\pro\Resources\ArcToolbox\toolboxes\Data Management Tools.tbx\CalculateField" Date="20240426" Time="110201">CalculateField LAU2022 Municip !Municip![4:] Python # Text NO_ENFORCE_DOMAINS</Process><Process ToolSource="c:\program files\arcgis\pro\Resources\ArcToolbox\toolboxes\Data Management Tools.tbx\CalculateField" Date="20240426" Time="110605">CalculateField LAU2022 Municip !RegUnits![6:] Python # Text NO_ENFORCE_DOMAINS</Process><Process ToolSource="c:\program files\arcgis\pro\Resources\ArcToolbox\toolboxes\Data Management Tools.tbx\CalculateField" Date="20240426" Time="110630">CalculateField LAU2022 Municip !KAL2022! Python # Text NO_ENFORCE_DOMAINS</Process><Process ToolSource="c:\program files\arcgis\pro\Resources\ArcToolbox\toolboxes\Data Management Tools.tbx\CalculateField" Date="20240426" Time="110656">CalculateField LAU2022 Municip !Municip![4:] Python # Text NO_ENFORCE_DOMAINS</Process><Process ToolSource="c:\program files\arcgis\pro\Resources\ArcToolbox\toolboxes\Data Management Tools.tbx\CalculateField" Date="20240426" Time="110738">CalculateField LAU2022 Municip !RegUnits![:6] Python # Text NO_ENFORCE_DOMAINS</Process><Process ToolSource="c:\program files\arcgis\pro\Resources\ArcToolbox\toolboxes\Data Management Tools.tbx\CalculateField" Date="20240426" Time="110746">CalculateField LAU2022 Municip !RegUnits![0:6] Python # Text NO_ENFORCE_DOMAINS</Process><Process ToolSource="c:\program files\arcgis\pro\Resources\ArcToolbox\toolboxes\Data Management Tools.tbx\CalculateField" Date="20240426" Time="110845">CalculateField LAU2022 Municip !RegUnits![:6] Python # Text NO_ENFORCE_DOMAINS</Process><Process ToolSource="c:\program files\arcgis\pro\Resources\ArcToolbox\toolboxes\Data Management Tools.tbx\CalculateField" Date="20240426" Time="111051">CalculateField LAU2022 Municip !RegUnits![:-6] Python # Text NO_ENFORCE_DOMAINS</Process><Process ToolSource="c:\program files\arcgis\pro\Resources\ArcToolbox\toolboxes\Data Management Tools.tbx\CalculateField" Date="20240426" Time="111118">CalculateField LAU2022 Municip !RegUnits![-6:] Python # Text NO_ENFORCE_DOMAINS</Process><Process ToolSource="c:\program files\arcgis\pro\Resources\ArcToolbox\toolboxes\Data Management Tools.tbx\CalculateField" Date="20240426" Time="111240">CalculateField LAU2022 Municip !RegUnits![:-6] Python # Text NO_ENFORCE_DOMAINS</Process><Process ToolSource="c:\program files\arcgis\pro\Resources\ArcToolbox\toolboxes\Data Management Tools.tbx\CalculateField" Date="20240426" Time="111258">CalculateField LAU2022 MunUnits !KAL2022! Python # Text NO_ENFORCE_DOMAINS</Process><Process ToolSource="c:\program files\arcgis\pro\Resources\ArcToolbox\toolboxes\Data Management Tools.tbx\CalculateField" Date="20240426" Time="111307">CalculateField LAU2022 MunUnits !KAL2022! Python # Text NO_ENFORCE_DOMAINS</Process><Process ToolSource="c:\program files\arcgis\pro\Resources\ArcToolbox\toolboxes\Data Management Tools.tbx\CalculateField" Date="20240426" Time="111319">CalculateField LAU2022 Municip !KAL2022! Python # Text NO_ENFORCE_DOMAINS</Process><Process ToolSource="c:\program files\arcgis\pro\Resources\ArcToolbox\toolboxes\Data Management Tools.tbx\CalculateField" Date="20240426" Time="111610">CalculateField LAU2022 RegUnits !RegUnits![-6] Python # Text NO_ENFORCE_DOMAINS</Process><Process ToolSource="c:\program files\arcgis\pro\Resources\ArcToolbox\toolboxes\Data Management Tools.tbx\CalculateField" Date="20240426" Time="111629">CalculateField LAU2022 RegUnits !KAL2022! Python # Text NO_ENFORCE_DOMAINS</Process><Process ToolSource="c:\program files\arcgis\pro\Resources\ArcToolbox\toolboxes\Data Management Tools.tbx\CalculateField" Date="20240426" Time="111759">CalculateField LAU2022 RegUnits !RegUnits![:-6] Python # Text NO_ENFORCE_DOMAINS</Process><Process ToolSource="c:\program files\arcgis\pro\Resources\ArcToolbox\toolboxes\Data Management Tools.tbx\CalculateField" Date="20240426" Time="111924">CalculateField LAU2022 RegUnits !Municip![:-4] Python # Text NO_ENFORCE_DOMAINS</Process><Process ToolSource="c:\program files\arcgis\pro\Resources\ArcToolbox\toolboxes\Data Management Tools.tbx\CalculateField" Date="20240426" Time="111936">CalculateField LAU2022 Municip !Municip![:-4] Python # Text NO_ENFORCE_DOMAINS</Process><Process ToolSource="c:\program files\arcgis\pro\Resources\ArcToolbox\toolboxes\Data Management Tools.tbx\CalculateField" Date="20240426" Time="112025">CalculateField LAU2022 MunUnits !MunUnits![:-2] Python # Text NO_ENFORCE_DOMAINS</Process><Process ToolSource="c:\program files\arcgis\pro\Resources\ArcToolbox\toolboxes\Data Management Tools.tbx\CalculateField" Date="20240426" Time="112058">CalculateField LAU2022 RegUnits !KAL2022! Python # Text NO_ENFORCE_DOMAINS</Process><Process ToolSource="c:\program files\arcgis\pro\Resources\ArcToolbox\toolboxes\Data Management Tools.tbx\CalculateField" Date="20240426" Time="112118">CalculateField LAU2022 RegUnits !RegUnits![:-6] Python # Text NO_ENFORCE_DOMAINS</Process><Process ToolSource="c:\program files\arcgis\pro\Resources\ArcToolbox\toolboxes\Conversion Tools.tbx\ExportFeatures" Date="20240426" Time="130708">ExportFeatures LAU2022 J:\MARKIANOS2021\ΓΥΣ\LAU2022.shp # NOT_USE_ALIAS "KAL2022 "KAL2022" true true false 8 Text 0 0,First,#,LAU2022,KAL2022,0,7;LAU_LABEL3 "LAU_LABEL3" true true false 106 Text 0 0,First,#,LAU2022,LAU_LABEL3,0,105;MunUnits "MunUnits" true true false 254 Text 0 0,First,#,LAU2022,MunUnits,0,253;Municip "Municip" true true false 254 Text 0 0,First,#,LAU2022,Municip,0,253;RegUnits "RegUnits" true true false 254 Text 0 0,First,#,LAU2022,RegUnits,0,253" #</Process><Process ToolSource="c:\program files\arcgis\pro\Resources\ArcToolbox\toolboxes\Data Management Tools.tbx\Dissolve" Date="20240429" Time="101834">Dissolve LAU2022 D:\ΓΥΣ\dokimi\MunicipNoname\Municip_Noname.shp Municip # MULTI_PART DISSOLVE_LINES #</Process><Process ToolSource="c:\program files\arcgis\pro\Resources\ArcToolbox\toolboxes\Conversion Tools.tbx\ExportFeatures" Date="20240429" Time="103421">ExportFeatures Municip_Noname D:\ΓΥΣ\dokimi\MunicipNoname\MunicipNonamesExport.shp # NOT_USE_ALIAS "Municip "Municip" true true false 254 Text 0 0,First,#,Municip_Noname,Municip_Noname.Municip,0,254;OID "OID" false true false 4 Long 0 9,First,#,Municip_Noname,Municip2022.OID,-1,-1;CODE "CODE" true true false 4 Text 0 0,First,#,Municip_Noname,Municip2022.CODE,0,4;NAME_GR "NAME_GR" true true false 85 Text 0 0,First,#,Municip_Noname,Municip2022.NAME_GR,0,85;NAME_ENG "NAME_ENG" true true false 53 Text 0 0,First,#,Municip_Noname,Municip2022.NAME_ENG,0,53" #</Process><Process ToolSource="c:\program files\arcgis\pro\Resources\ArcToolbox\toolboxes\Data Management Tools.tbx\CopyFeatures" Date="20240625" Time="133957">CopyFeatures K:\old\GYS\GYS2022\MunicipNonamesExport.shp D:\backup\menios.gdb\Kalikratis2022\MunicipNonamesExport # # # #</Process><Process ToolSource="c:\program files\arcgis\pro\Resources\ArcToolbox\toolboxes\Conversion Tools.tbx\ExportFeatures" Date="20240709" Time="070654">ExportFeatures MunicipNonamesExport N:\nvli\Kallikratis2021\Municipalities2021.shp # NOT_USE_ALIAS "Municip "Municip" true true false 254 Text 0 0,First,#,MunicipNonamesExport,Municip,0,253;OID_1 "OID_1" true true false 4 Long 0 0,First,#,MunicipNonamesExport,OID_1,-1,-1;CODE "CODE" true true false 4 Text 0 0,First,#,MunicipNonamesExport,CODE,0,3;NAME_GR "NAME_GR" true true false 85 Text 0 0,First,#,MunicipNonamesExport,NAME_GR,0,84;NAME_ENG "NAME_ENG" true true false 53 Text 0 0,First,#,MunicipNonamesExport,NAME_ENG,0,52;Shape_Length "Shape_Length" false true true 8 Double 0 0,First,#,MunicipNonamesExport,Shape_Length,-1,-1;Shape_Area "Shape_Area" false true true 8 Double 0 0,First,#,MunicipNonamesExport,Shape_Area,-1,-1" #</Process></lineage></DataProperties><SyncDate>20240709</SyncDate><SyncTime>07065300</SyncTime><ModDate>20240709</ModDate><ModTime>07065300</ModTime></Esri><dataIdInfo><envirDesc Sync="TRUE">Microsoft Windows 10 Version 10.0 (Build 19045) ; Esri ArcGIS 13.2.2.49743</envirDesc><dataLang><languageCode value="ell" Sync="TRUE"></languageCode><countryCode value="GRC" Sync="TRUE"></countryCode></dataLang><idCitation><resTitle Sync="TRUE">Municipalities2021</resTitle><presForm><PresFormCd value="005" Sync="TRUE"></PresFormCd></presForm></idCitation><spatRpType><SpatRepTypCd value="001" Sync="TRUE"></SpatRepTypCd></spatRpType></dataIdInfo><mdLang><languageCode value="ell" Sync="TRUE"></languageCode><countryCode value="GRC" Sync="TRUE"></countryCode></mdLang><distInfo><distFormat><formatName Sync="TRUE">Shapefile</formatName></distFormat><distTranOps><transSize Sync="TRUE">0.000</transSize></distTranOps></distInfo><mdHrLv><ScopeCd value="005" Sync="TRUE"></ScopeCd></mdHrLv><mdHrLvName Sync="TRUE">dataset</mdHrLvName><refSysInfo><RefSystem><refSysID><identCode code="2100" Sync="TRUE"></identCode><idCodeSpace Sync="TRUE">EPSG</idCodeSpace><idVersion Sync="TRUE">6.7(4.0.0)</idVersion></refSysID></RefSystem></refSysInfo><spatRepInfo><VectSpatRep><geometObjs Name="Municipalities2021"><geoObjTyp><GeoObjTypCd value="002" Sync="TRUE"></GeoObjTypCd></geoObjTyp><geoObjCnt Sync="TRUE">0</geoObjCnt></geometObjs><topLvl><TopoLevCd value="001" Sync="TRUE"></TopoLevCd></topLvl></VectSpatRep></spatRepInfo><spdoinfo><ptvctinf><esriterm Name="Municipalities2021"><efeatyp Sync="TRUE">Simple</efeatyp><efeageom code="4" Sync="TRUE"></efeageom><esritopo Sync="TRUE">FALSE</esritopo><efeacnt Sync="TRUE">0</efeacnt><spindex Sync="TRUE">FALSE</spindex><linrefer Sync="TRUE">FALSE</linrefer></esriterm></ptvctinf></spdoinfo><eainfo><detailed Name="Municipalities2021"><enttyp><enttypl Sync="TRUE">Municipalities2021</enttypl><enttypt Sync="TRUE">Feature Class</enttypt><enttypc Sync="TRUE">0</enttypc></enttyp><attr><attrlabl Sync="TRUE">FID</attrlabl><attalias Sync="TRUE">FID</attalias><attrtype Sync="TRUE">OID</attrtype><attwidth Sync="TRUE">4</attwidth><atprecis Sync="TRUE">0</atprecis><attscale Sync="TRUE">0</attscale><attrdef Sync="TRUE">Internal feature number.</attrdef><attrdefs Sync="TRUE">Esri</attrdefs><attrdomv><udom Sync="TRUE">Sequential unique whole numbers that are automatically generated.</udom></attrdomv></attr><attr><attrlabl Sync="TRUE">Shape</attrlabl><attalias Sync="TRUE">Shape</attalias><attrtype Sync="TRUE">Geometry</attrtype><attwidth Sync="TRUE">0</attwidth><atprecis Sync="TRUE">0</atprecis><attscale Sync="TRUE">0</attscale><attrdef Sync="TRUE">Feature geometry.</attrdef><attrdefs Sync="TRUE">Esri</attrdefs><attrdomv><udom Sync="TRUE">Coordinates defining the features.</udom></attrdomv></attr><attr><attrlabl Sync="TRUE">Municip</attrlabl><attalias Sync="TRUE">Municip</attalias><attrtype Sync="TRUE">String</attrtype><attwidth Sync="TRUE">254</attwidth><atprecis Sync="TRUE">0</atprecis><attscale Sync="TRUE">0</attscale></attr><attr><attrlabl Sync="TRUE">OID_1</attrlabl><attalias Sync="TRUE">OID_1</attalias><attrtype Sync="TRUE">Integer</attrtype><attwidth Sync="TRUE">10</attwidth><atprecis Sync="TRUE">10</atprecis><attscale Sync="TRUE">0</attscale></attr><attr><attrlabl Sync="TRUE">CODE</attrlabl><attalias Sync="TRUE">CODE</attalias><attrtype Sync="TRUE">String</attrtype><attwidth Sync="TRUE">4</attwidth><atprecis Sync="TRUE">0</atprecis><attscale Sync="TRUE">0</attscale></attr><attr><attrlabl Sync="TRUE">NAME_GR</attrlabl><attalias Sync="TRUE">NAME_GR</attalias><attrtype Sync="TRUE">String</attrtype><attwidth Sync="TRUE">85</attwidth><atprecis Sync="TRUE">0</atprecis><attscale Sync="TRUE">0</attscale></attr><attr><attrlabl Sync="TRUE">NAME_ENG</attrlabl><attalias Sync="TRUE">NAME_ENG</attalias><attrtype Sync="TRUE">String</attrtype><attwidth Sync="TRUE">53</attwidth><atprecis Sync="TRUE">0</atprecis><attscale Sync="TRUE">0</attscale></attr><attr><attrlabl Sync="TRUE">Shape_Leng</attrlabl><attalias Sync="TRUE">Shape_Leng</attalias><attrtype Sync="TRUE">Double</attrtype><attwidth Sync="TRUE">19</attwidth><atprecis Sync="TRUE">0</atprecis><attscale Sync="TRUE">0</attscale></attr><attr><attrlabl Sync="TRUE">Shape_Area</attrlabl><attalias Sync="TRUE">Shape_Area</attalias><attrtype Sync="TRUE">Double</attrtype><attwidth Sync="TRUE">19</attwidth><atprecis Sync="TRUE">0</atprecis><attscale Sync="TRUE">0</attscale><attrdef Sync="TRUE">Area of feature in internal units squared.</attrdef><attrdefs Sync="TRUE">Esri</attrdefs><attrdomv><udom Sync="TRUE">Positive real numbers that are automatically generated.</udom></attrdomv></attr></detailed></eainfo><mdDateSt Sync="TRUE">20240709</mdDateSt></metadata>
